model,model_display,avg_Context_Tokens,std_Context_Tokens,avg_Token_Efficiency_Ratio,std_Token_Efficiency_Ratio
Naive,Naive (Neo4j full-text lexical baseline),2669.17,1071.113951259582,,
BM25,BM25 (rank_bm25 lexical baseline),3064.715,1248.333443316936,1.2149231054543135,0.4410092140461849
Dense,Dense Embedding (all-MiniLM-L6-v2 semantic retrieval baseline),2104.9,920.0938448968591,0.8721328062374921,0.4857382375355083
Dense_Legal,Dense Legal (InLegalBERT domain-adapted semantic baseline),1121.08,416.6534821900635,0.47634711975183647,0.24120842300434545
Advanced,"Advanced RAG (CORTEX pipeline; pruning=off, critic=off)",2546.195,1004.4540390469784,0.9583165180190624,0.10928765614828516
Cortex_Pruner_Only,"Cortex Pruner Only (pruning=on, critic=off)",1625.22,1150.382336093518,0.6221702999319296,0.3689521364331359
Cortex_Critic_Only,"Cortex Critic Only (pruning=off, critic=on)",2637.415,1015.2150712927283,0.996438773254495,0.1114275772156251
Cortex,"Cortex Main (CORTEX pipeline; pruning=on, critic=on)",1654.05,1166.473221459417,0.6339579280795112,0.37558817544307244
Judge,Judge,2144.865,571.8679054479339,0.9199714332180711,0.44054630748480617
