model,model_display,avg_mcq_accuracy,std_mcq_accuracy,avg_mcq_mrr,std_mcq_mrr
Naive,Naive (Neo4j full-text lexical baseline),0.935,0.247144496216384,0.9609166666666666,0.15239203370735988
BM25,BM25 (rank_bm25 lexical baseline),0.92,0.2719739863410307,0.9500833333333334,0.173007501217106
Dense,Dense Embedding (all-MiniLM-L6-v2 semantic retrieval baseline),0.875,0.3315488246330816,0.9206666666666667,0.21457396793730496
Dense_Legal,Dense Legal (InLegalBERT domain-adapted semantic baseline),0.74,0.4397349590046876,0.8365833333333333,0.28324561406921595
Advanced,"Advanced RAG (CORTEX pipeline; pruning=off, critic=off)",0.94,0.23808279460185097,0.9634166666666667,0.1488528393527018
Cortex_Pruner_Only,"Cortex Pruner Only (pruning=on, critic=off)",0.805,0.39719493840616527,0.8338333333333332,0.34814620333198
Cortex_Critic_Only,"Cortex Critic Only (pruning=off, critic=on)",0.945,0.22855235921889458,0.9659166666666666,0.14518416172292017
Cortex,"Cortex Main (CORTEX pipeline; pruning=on, critic=on)",0.8,0.40100376569366847,0.8313333333333333,0.3487416959861023
Judge,Judge,0.89,0.31367492695304,0.9342500000000001,0.19132642220168078
