model,model_display,avg_id_precision,avg_id_recall,avg_id_f1,avg_id_hit_at_5,avg_id_mrr,avg_id_map,avg_doc_accuracy,avg_article_accuracy,avg_retrieval_token_recall,avg_retrieval_rouge_l_f1,avg_mcq_accuracy,avg_mcq_mrr,avg_Context_Tokens,avg_Token_Efficiency_Ratio,avg_gen_token_f1,avg_gen_rouge_l_f1,avg_gen_bleu,avg_gen_meteor,avg_gen_semantic_similarity,avg_gen_bertscore_f1,avg_LLM_Score,avg_LLM_Relevance,avg_LLM_Faithfulness,avg_LLM_Completeness,avg_LLM_Precision,avg_Attempts,avg_Retrieval_Similarity,uncertainty_distribution
Naive,Naive (Neo4j full-text lexical baseline),0.12399999999999999,0.2434166666666667,0.154035431959345,0.545,0.4531666666666666,0.19973492063492063,0.8889999999999999,0.17099999999999999,0.823627693338215,0.022040808945421767,0.935,0.9609166666666666,2669.17,,,,,,,,,,,,,,,
BM25,BM25 (rank_bm25 lexical baseline),0.122,0.237760101010101,0.1510457133446264,0.535,0.45025000000000004,0.2005446669071669,0.877,0.16299999999999998,0.8276220832593921,0.01922429257720606,0.92,0.9500833333333334,3064.715,1.2149231054543135,,,,,,,,,,,,,,
Dense,Dense Embedding (all-MiniLM-L6-v2 semantic retrieval baseline),0.106,0.2048568376068376,0.1302659514398645,0.485,0.37766666666666665,0.15878474765974768,0.9229999999999999,0.14799999999999996,0.7701217160387334,0.025636518580419567,0.875,0.9206666666666667,2104.9,0.8721328062374921,,,,,,,,,,,,,,
Dense_Legal,Dense Legal (InLegalBERT domain-adapted semantic baseline),0.065,0.10980128205128205,0.07739826839826841,0.3,0.20791666666666667,0.07580798229548229,0.78,0.076,0.5921247392645792,0.030637021700107146,0.74,0.8365833333333333,1121.08,0.47634711975183647,,,,,,,,,,,,,,
Advanced,"Advanced RAG (CORTEX pipeline; pruning=off, critic=off)",0.12399999999999999,0.2434166666666667,0.154035431959345,0.545,0.45233333333333337,0.19906825396825398,0.9030000000000001,0.209,0.8230652959654727,0.02348269465400118,0.94,0.9634166666666667,2546.195,0.9583165180190624,0.2366456498286338,0.1922966996957292,0.0461976401837316,0.37049385903641247,0.6891218184036514,0.5859884777906672,,,,,,,,
Cortex_Pruner_Only,"Cortex Pruner Only (pruning=on, critic=off)",0.16666666666666663,0.21425,0.1664438013677144,0.49,0.3764166666666667,0.16252658730158728,0.8673333333333333,0.2841666666666667,0.6811305533056617,0.03794768402973787,0.805,0.8338333333333332,1625.22,0.6221702999319296,0.20371298584918915,0.1659828974801042,0.031145408834567626,0.32103978416576767,0.6403893303339783,0.5392746170868078,,,,,,,,
Cortex_Critic_Only,"Cortex Critic Only (pruning=off, critic=on)",0.045088540513599236,0.2853333888333888,0.0738590668485244,0.545,0.4542334491488903,0.2049060075525707,0.9225842284506924,0.2369841125972355,0.8273519798023027,0.022292235888282236,0.945,0.9659166666666666,2637.415,0.996438773254495,0.2304086209578384,0.18805039720504432,0.04046873578309336,0.3710646497707352,0.6904640917572843,0.5797086253339814,,,,,,,,
Cortex,"Cortex Main (CORTEX pipeline; pruning=on, critic=on)",0.11395826319936227,0.23050216450216449,0.1336301486785233,0.475,0.33575793650793656,0.15035903593760735,0.8695724789915965,0.24630175019339107,0.6825505112138467,0.0372769013514333,0.8,0.8313333333333333,1654.05,0.6339579280795112,0.20726020246700713,0.1671382990683292,0.03541271141196387,0.3297218891797425,0.6354492771150849,0.5325130630513314,,,,,,,,
Judge,Judge,0.06505555555555556,0.23360256410256408,0.096796054749531,0.345,0.2422738095238095,0.12523033243211812,1.0,0.1505138888888889,0.7498716457977699,0.023053067984151392,0.89,0.9342500000000001,2144.865,0.9199714332180711,0.1879728306799638,0.1523453048359952,0.024855036458775293,0.316483438217675,0.6772008470946076,0.5752540937668487,8.16625,8.67,8.055,6.66,9.43,1.175,0.5265136767952806,"{""low"": 137, ""medium"": 50, ""high"": 13}"
